"data_inizio_sintomi","casi_totali","nessuno_stato_clinico","solo_st_guarito","solo_st_deceduto","solo_st_asintomatico","solo_st_lieve_pau_severo","st_lieve_pau_severo_grave_g","st_lieve_pau_severo_grave_d","st_asintomatico_g","st_asintomatico_d"
"2022-06-01T00:00:00.000","2",,"2",,,,,,,
"2022-05-31T00:00:00.000","56",,"3",,,"53",,,,
"2022-05-30T00:00:00.000","315",,"11",,,"304",,,,
"2022-05-29T00:00:00.000","582",,"15",,,"567",,,,
"2022-05-28T00:00:00.000","706",,"15",,,"690","1",,,
"2022-05-27T00:00:00.000","878",,"12",,,"862","4",,,
"2022-05-26T00:00:00.000","881",,"12",,,"868","1",,,
"2022-05-25T00:00:00.000","1037",,"15",,,"1016","6",,,
"2022-05-24T00:00:00.000","1154",,"8",,,"1143","2","1",,
"2022-05-23T00:00:00.000","1240",,"6",,,"1224","9","1",,
"2022-05-22T00:00:00.000","1198",,"11",,,"1151","35","1",,
"2022-05-21T00:00:00.000","1182",,"6",,,"1038","138",,,
"2022-05-20T00:00:00.000","1312",,"6",,,"994","310","2",,
"2022-05-19T00:00:00.000","1403",,"5",,,"867","530",,"1",
"2022-05-18T00:00:00.000","1674",,"6",,,"743","925",,,
"2022-05-17T00:00:00.000","1790",,"5",,,"636","1147","2",,
"2022-05-16T00:00:00.000","2015",,"7",,,"578","1427","3",,
"2022-05-15T00:00:00.000","1929",,"7",,,"450","1470","2",,
"2022-05-14T00:00:00.000","1801",,"9",,,"322","1467","3",,
"2022-05-13T00:00:00.000","2003",,"5",,,"275","1717","6",,
"2022-05-12T00:00:00.000","2178",,"6",,,"228","1938","6",,
"2022-05-11T00:00:00.000","2586",,"5",,,"233","2345","3",,
"2022-05-10T00:00:00.000","2882",,"3",,,"241","2634","2","2",
"2022-05-09T00:00:00.000","2707",,"4",,,"151","2544","8",,
"2022-05-08T00:00:00.000","2645",,"8",,,"102","2530","5",,
"2022-05-07T00:00:00.000","2228",,"1",,,"73","2148","6",,
"2022-05-06T00:00:00.000","2378",,"7",,,"79","2279","12","1",
"2022-05-05T00:00:00.000","2518",,"11",,,"68","2430","9",,
"2022-05-04T00:00:00.000","2774",,"16",,,"43","2710","5",,
"2022-05-03T00:00:00.000","3033",,"10",,,"66","2945","10","2",
"2022-05-02T00:00:00.000","3077",,"7","1",,"66","2996","6","1",
"2022-05-01T00:00:00.000","3160",,"9",,,"61","3085","5",,
"2022-04-30T00:00:00.000","2531",,"47",,,"33","2443","7","1",
"2022-04-29T00:00:00.000","2893",,"19","1",,"61","2803","9",,
"2022-04-28T00:00:00.000","3264",,"22",,,"44","3193","4","1",
"2022-04-27T00:00:00.000","3585",,"18",,,"48","3509","10",,
"2022-04-26T00:00:00.000","4015",,"12",,,"56","3940","7",,
"2022-04-25T00:00:00.000","3548",,"5",,,"47","3483","13",,
"2022-04-24T00:00:00.000","3004",,"9",,,"54","2936","5",,
"2022-04-23T00:00:00.000","2989",,"14",,,"50","2915","10",,
"2022-04-22T00:00:00.000","3413",,"9",,,"55","3341","8",,
"2022-04-21T00:00:00.000","4025",,"8",,,"49","3953","13","2",
"2022-04-20T00:00:00.000","4489",,"14",,,"48","4418","9",,
"2022-04-19T00:00:00.000","4521",,"10",,,"42","4460","8","1",
"2022-04-18T00:00:00.000","3745",,"11",,,"43","3687","3","1",
"2022-04-17T00:00:00.000","3280",,"12",,,"45","3215","7","1",
"2022-04-16T00:00:00.000","3133",,"11",,,"22","3089","10","1",
"2022-04-15T00:00:00.000","3640",,"9",,,"38","3583","9","1",
"2022-04-14T00:00:00.000","3805",,"7",,,"39","3753","6",,
"2022-04-13T00:00:00.000","4316",,"18",,,"43","4242","12","1",
"2022-04-12T00:00:00.000","4228",,"17",,,"50","4147","14",,
"2022-04-11T00:00:00.000","4408",,"20",,,"49","4330","9",,
"2022-04-10T00:00:00.000","4251",,"13",,,"42","4183","11","2",
"2022-04-09T00:00:00.000","3843",,"14",,,"56","3765","8",,
"2022-04-08T00:00:00.000","4102",,"13",,,"46","4031","12",,
"2022-04-07T00:00:00.000","4252",,"13",,,"43","4181","14","1",
"2022-04-06T00:00:00.000","4741",,"8",,,"48","4673","10","2",
"2022-04-05T00:00:00.000","4924",,"15",,,"38","4856","15",,
"2022-04-04T00:00:00.000","4587",,"19",,,"46","4513","9",,
"2022-04-03T00:00:00.000","4083",,"19",,,"36","4019","9",,
"2022-04-02T00:00:00.000","3923",,"21",,,"41","3849","10","2",
"2022-04-01T00:00:00.000","4523",,"10",,,"36","4461","15","1",
"2022-03-31T00:00:00.000","3956",,"16",,,"34","3891","13","2",
"2022-03-30T00:00:00.000","5044",,"13",,,"34","4987","10",,
"2022-03-29T00:00:00.000","4894",,"16",,,"29","4838","11",,
"2022-03-28T00:00:00.000","5254",,"26",,,"31","5183","12","2",
"2022-03-27T00:00:00.000","4844",,"25",,,"23","4785","11",,
"2022-03-26T00:00:00.000","4278",,"12",,,"27","4223","15","1",
"2022-03-25T00:00:00.000","4448",,"16",,,"28","4391","12","1",
"2022-03-24T00:00:00.000","4486",,"14",,,"18","4443","11",,
"2022-03-23T00:00:00.000","5069",,"23",,,"24","5012","8","2",
"2022-03-22T00:00:00.000","5225",,"22",,,"14","5175","13","1",
"2022-03-21T00:00:00.000","5158",,"20",,,"17","5108","11","2",
"2022-03-20T00:00:00.000","4592",,"13",,,"12","4559","8",,
"2022-03-19T00:00:00.000","4045",,"15",,,"14","4012","4",,
"2022-03-18T00:00:00.000","4218",,"17",,,"14","4173","14",,
"2022-03-17T00:00:00.000","4397",,"13",,,"13","4356","13","2",
"2022-03-16T00:00:00.000","4795",,"17",,,"14","4754","10",,
"2022-03-15T00:00:00.000","4839",,"16",,,"33","4781","8","1",
"2022-03-14T00:00:00.000","4719",,"9",,,"14","4688","7","1",
"2022-03-13T00:00:00.000","3959",,"13",,,"5","3934","6","1",
"2022-03-12T00:00:00.000","3474",,"16",,,"5","3447","6",,
"2022-03-11T00:00:00.000","3393",,"16",,,"1","3367","8","1",
"2022-03-10T00:00:00.000","3118",,"14",,,"2","3094","7","1",
"2022-03-09T00:00:00.000","3208",,"11",,,,"3190","7",,
"2022-03-08T00:00:00.000","3296",,"11",,,"1","3273","9","2",
"2022-03-07T00:00:00.000","3037",,"8",,,,"3023","5","1",
"2022-03-06T00:00:00.000","2616",,"8",,,,"2600","7","1",
"2022-03-05T00:00:00.000","2365",,"8",,,"1","2355","1",,
"2022-03-04T00:00:00.000","2365",,"8",,,,"2350","7",,
"2022-03-03T00:00:00.000","2509",,"12",,,,"2490","6","1",
"2022-03-02T00:00:00.000","2491",,"14",,,"2","2468","6","1",
"2022-03-01T00:00:00.000","2689",,"16",,,,"2661","11","1",
"2022-02-28T00:00:00.000","2322",,"23",,,,"2295","3","1",
"2022-02-27T00:00:00.000","2068",,"21",,,,"2041","6",,
"2022-02-26T00:00:00.000","1923",,"24",,,,"1890","7","2",
"2022-02-25T00:00:00.000","2056",,"26",,,,"2025","5",,
"2022-02-24T00:00:00.000","2146",,"25",,,,"2113","8",,
"2022-02-23T00:00:00.000","2530",,"24",,,,"2501","4","1",
"2022-02-22T00:00:00.000","2698",,"18",,,,"2672","8",,
"2022-02-21T00:00:00.000","2871",,"22",,,,"2839","10",,
"2022-02-20T00:00:00.000","2673",,"12",,,,"2654","7",,
"2022-02-19T00:00:00.000","2287",,"18",,,,"2262","7",,
"2022-02-18T00:00:00.000","2441",,"15",,,,"2415","9","2",
"2022-02-17T00:00:00.000","2646",,"21",,,,"2618","7",,
"2022-02-16T00:00:00.000","2753",,"14",,,"1","2728","9","1",
"2022-02-15T00:00:00.000","2704",,"23",,,,"2676","5",,
"2022-02-14T00:00:00.000","2981",,"26",,,,"2943","11","1",
"2022-02-13T00:00:00.000","2581",,"10",,,,"2563","8",,
"2022-02-12T00:00:00.000","2358",,"18",,,,"2329","11",,
"2022-02-11T00:00:00.000","2633",,"17",,,,"2609","6","1",
"2022-02-10T00:00:00.000","2889",,"16","1",,,"2861","10","1",
"2022-02-09T00:00:00.000","3194",,"16",,,,"3163","14","1",
"2022-02-08T00:00:00.000","3463",,"13",,,,"3438","11","1",
"2022-02-07T00:00:00.000","3910",,"14",,,,"3882","11","3",
"2022-02-06T00:00:00.000","3704",,"13",,,,"3675","15","1",
"2022-02-05T00:00:00.000","3670",,"13",,,,"3644","13",,
"2022-02-04T00:00:00.000","3915",,"19",,,,"3881","11","4",
"2022-02-03T00:00:00.000","4509",,"26",,,,"4460","23",,
"2022-02-02T00:00:00.000","5169",,"16",,,,"5129","22","2",
"2022-02-01T00:00:00.000","6388",,"22",,,,"6338","27","1",
"2022-01-31T00:00:00.000","6142",,"24",,,,"6098","17","3",
"2022-01-30T00:00:00.000","5568",,"23",,,,"5526","19",,
"2022-01-29T00:00:00.000","5543",,"14",,,,"5508","17","4",
"2022-01-28T00:00:00.000","6479",,"19",,,,"6438","19","3",
"2022-01-27T00:00:00.000","7324",,"21","1",,,"7262","35","5",
"2022-01-26T00:00:00.000","8632",,"15",,,,"8583","33","1",
"2022-01-25T00:00:00.000","9543",,"18",,,,"9492","30","3",
"2022-01-24T00:00:00.000","10802",,"13",,,,"10742","44","3",
"2022-01-23T00:00:00.000","9696",,"22",,,,"9646","27","1",
"2022-01-22T00:00:00.000","9595",,"10",,,,"9565","17","3",
"2022-01-21T00:00:00.000","10594",,"10",,,,"10550","31","3",
"2022-01-20T00:00:00.000","11628",,"18","1",,,"11570","34","5",
"2022-01-19T00:00:00.000","12048",,"16",,,,"11988","36","8",
"2022-01-18T00:00:00.000","13403",,"20",,,,"13336","40","7",
"2022-01-17T00:00:00.000","14675",,"48",,,,"14570","49","8",
"2022-01-16T00:00:00.000","13025",,"22",,,,"12960","40","3",
"2022-01-15T00:00:00.000","12231",,"14","1",,,"12158","53","5",
"2022-01-14T00:00:00.000","12796",,"7",,,,"12707","66","16",
"2022-01-13T00:00:00.000","13139",,"16",,,,"13047","59","17",
"2022-01-12T00:00:00.000","13116",,"12",,,,"13022","60","22",
"2022-01-11T00:00:00.000","14306",,"17",,,,"14208","63","18",
"2022-01-10T00:00:00.000","16585",,"22",,,,"16455","79","29",
"2022-01-09T00:00:00.000","13959",,"21",,,,"13887","48","3",
"2022-01-08T00:00:00.000","13309",,"17",,,,"13198","69","25",
"2022-01-07T00:00:00.000","14891",,"21",,,,"14761","81","28",
"2022-01-06T00:00:00.000","13915",,"25","1",,,"13820","62","7",
"2022-01-05T00:00:00.000","16454",,"26",,,,"16333","67","28",
"2022-01-04T00:00:00.000","18825",,"42",,,,"18696","63","24",
"2022-01-03T00:00:00.000","22712",,"91",,,,"22512","79","30",
"2022-01-02T00:00:00.000","16643",,"72",,,,"16495","68","8",
"2022-01-01T00:00:00.000","19668",,"113",,,,"19484","67","4",
"2021-12-31T00:00:00.000","10883",,"116",,,,"10706","38","23",
"2021-12-30T00:00:00.000","13999",,"204",,,,"13719","52","24",
"2021-12-29T00:00:00.000","16560",,"275",,,,"16214","52","19",
"2021-12-28T00:00:00.000","19892",,"339",,,"1","19476","61","15",
"2021-12-27T00:00:00.000","19812",,"387",,,,"19367","46","12",
"2021-12-26T00:00:00.000","14035",,"277",,,"1","13706","49","2",
"2021-12-25T00:00:00.000","10074",,"210",,,,"9834","29","1",
"2021-12-24T00:00:00.000","10066",,"176",,,"1","9848","38","3",
"2021-12-23T00:00:00.000","8680",,"231",,,,"8402","34","13",
"2021-12-22T00:00:00.000","7709",,"200","1",,"1","7477","25","5",
"2021-12-21T00:00:00.000","7384",,"188",,,"1","7156","36","3",
"2021-12-20T00:00:00.000","6559",,"191",,,,"6327","37","4",
"2021-12-19T00:00:00.000","4543",,"102",,,"2","4411","26","2",
"2021-12-18T00:00:00.000","3590",,"82",,,,"3484","17","7",
"2021-12-17T00:00:00.000","3315",,"80",,,,"3212","21","2",
"2021-12-16T00:00:00.000","2942",,"64",,,"1","2844","32","1",
"2021-12-15T00:00:00.000","2876",,"65","1",,,"2782","25","3",
"2021-12-14T00:00:00.000","2866",,"58",,,"1","2781","23","3",
"2021-12-13T00:00:00.000","2521",,"52",,,"1","2445","18","5",
"2021-12-12T00:00:00.000","2136",,"41",,,"1","2071","23",,
"2021-12-11T00:00:00.000","1984",,"35",,,,"1919","29","1",
"2021-12-10T00:00:00.000","1904",,"43",,,,"1836","24","1",
"2021-12-09T00:00:00.000","1767",,"29",,,,"1715","21","2",
"2021-12-08T00:00:00.000","1786",,"29","1",,,"1733","21","2",
"2021-12-07T00:00:00.000","1788",,"40",,,,"1723","24","1",
"2021-12-06T00:00:00.000","1736",,"35",,,,"1676","22","3",
"2021-12-05T00:00:00.000","1445",,"29",,,,"1391","24","1",
"2021-12-04T00:00:00.000","1476",,"26",,,,"1425","25",,
"2021-12-03T00:00:00.000","1490",,"33",,,,"1433","24",,
"2021-12-02T00:00:00.000","1563",,"24",,,,"1517","22",,
"2021-12-01T00:00:00.000","1878",,"36",,,,"1817","24","1",
"2021-11-30T00:00:00.000","1432",,"27",,,,"1386","18","1",
"2021-11-29T00:00:00.000","1436",,"33",,,,"1385","18",,
"2021-11-28T00:00:00.000","1261",,"22",,,,"1224","15",,
"2021-11-27T00:00:00.000","1190",,"15",,,,"1158","16","1",
"2021-11-26T00:00:00.000","1264",,"23",,,,"1227","13","1",
"2021-11-25T00:00:00.000","1282",,"17",,,,"1249","15","1",
"2021-11-24T00:00:00.000","1272",,"23",,,,"1226","23",,
"2021-11-23T00:00:00.000","1227",,"24",,,,"1192","11",,
"2021-11-22T00:00:00.000","1295",,"34",,,,"1243","15","3",
"2021-11-21T00:00:00.000","1101",,"32",,,,"1045","23","1",
"2021-11-20T00:00:00.000","1073",,"31",,,,"1031","11",,
"2021-11-19T00:00:00.000","1027",,"31",,,,"983","13",,
"2021-11-18T00:00:00.000","1075",,"39",,,,"1025","10","1",
"2021-11-17T00:00:00.000","1112",,"47","1",,,"1053","10","1",
"2021-11-16T00:00:00.000","1098",,"34",,,,"1055","8","1",
"2021-11-15T00:00:00.000","1107",,"46",,,,"1033","23","5",
"2021-11-14T00:00:00.000","926",,"28",,,,"877","21",,
"2021-11-13T00:00:00.000","840",,"22",,,,"807","10","1",
"2021-11-12T00:00:00.000","790",,"31",,,,"748","11",,
"2021-11-11T00:00:00.000","820",,"26",,,,"780","13","1",
"2021-11-10T00:00:00.000","778",,"34",,,,"732","11","1",
"2021-11-09T00:00:00.000","752",,"28",,,,"717","7",,
"2021-11-08T00:00:00.000","709",,"26",,,,"675","7","1",
"2021-11-07T00:00:00.000","551",,"17",,,,"530","4",,
"2021-11-06T00:00:00.000","499",,"19",,,,"477","3",,
"2021-11-05T00:00:00.000","577",,"19",,,,"553","5",,
"2021-11-04T00:00:00.000","559",,"21",,,,"531","7",,
"2021-11-03T00:00:00.000","561",,"21",,,,"535","4","1",
"2021-11-02T00:00:00.000","545",,"21",,,,"515","9",,
"2021-11-01T00:00:00.000","557",,"20",,,,"527","9","1",
"2021-10-31T00:00:00.000","325",,"9",,,,"311","5",,
"2021-10-30T00:00:00.000","354",,"12",,,,"338","4",,
"2021-10-29T00:00:00.000","394",,"14",,,,"378","1","1",
"2021-10-28T00:00:00.000","358",,"16",,,,"335","6","1",
"2021-10-27T00:00:00.000","340",,"19",,,,"315","6",,
"2021-10-26T00:00:00.000","300",,"11",,,,"285","4",,
"2021-10-25T00:00:00.000","324",,"12",,,,"309","3",,
"2021-10-24T00:00:00.000","311",,"14",,,,"289","8",,
"2021-10-23T00:00:00.000","295",,"8",,,,"286","1",,
"2021-10-22T00:00:00.000","293",,"11",,,,"275","7",,
"2021-10-21T00:00:00.000","266",,"9",,,,"254","3",,
"2021-10-20T00:00:00.000","274",,"16",,,,"252","6",,
"2021-10-19T00:00:00.000","276",,"6",,,,"267","2","1",
"2021-10-18T00:00:00.000","346",,"11",,,,"332","3",,
"2021-10-17T00:00:00.000","229",,"3",,,,"226",,,
"2021-10-16T00:00:00.000","220",,"9",,,,"210","1",,
"2021-10-15T00:00:00.000","237",,"10",,,,"226","1",,
"2021-10-14T00:00:00.000","219",,"3",,,,"213","3",,
"2021-10-13T00:00:00.000","226",,"9",,,,"212","5",,
"2021-10-12T00:00:00.000","195",,"12",,,,"177","6",,
"2021-10-11T00:00:00.000","205",,"15",,,,"187","3",,
"2021-10-10T00:00:00.000","213",,"5",,,,"202","6",,
"2021-10-09T00:00:00.000","177",,"4",,,,"172","1",,
"2021-10-08T00:00:00.000","177",,"5",,,,"170","2",,
"2021-10-07T00:00:00.000","166",,"11",,,,"154","1",,
"2021-10-06T00:00:00.000","204",,"5",,,,"191","8",,
"2021-10-05T00:00:00.000","191",,"4",,,,"182","5",,
"2021-10-04T00:00:00.000","182",,"8",,,,"171","3",,
"2021-10-03T00:00:00.000","189",,"7",,,,"180","2",,
"2021-10-02T00:00:00.000","193",,"9",,,,"183","1",,
"2021-10-01T00:00:00.000","216",,"4",,,,"210","2",,
"2021-09-30T00:00:00.000","165",,"9",,,,"154","2",,
"2021-09-29T00:00:00.000","213",,"11",,,,"196","5","1",
"2021-09-28T00:00:00.000","200",,"7",,,,"189","4",,
"2021-09-27T00:00:00.000","219",,"11",,,,"206","2",,
"2021-09-26T00:00:00.000","193",,"3",,,,"184","6",,
"2021-09-25T00:00:00.000","195",,"2",,,,"188","5",,
"2021-09-24T00:00:00.000","252",,"10",,,,"239","2","1",
"2021-09-23T00:00:00.000","238",,"6",,,,"226","6",,
"2021-09-22T00:00:00.000","264",,"9",,,,"252","3",,
"2021-09-21T00:00:00.000","258",,"14",,,,"240","4",,
"2021-09-20T00:00:00.000","242",,"9",,,,"232","1",,
"2021-09-19T00:00:00.000","248",,"10",,,,"236","2",,
"2021-09-18T00:00:00.000","241",,"10",,,,"230","1",,
"2021-09-17T00:00:00.000","265",,"18",,,,"243","4",,
"2021-09-16T00:00:00.000","276",,"13",,,,"252","10","1",
"2021-09-15T00:00:00.000","318",,"13",,,,"300","4","1",
"2021-09-14T00:00:00.000","316",,"11",,,,"296","8","1",
"2021-09-13T00:00:00.000","357",,"9",,,,"343","5",,
"2021-09-12T00:00:00.000","289",,"5",,,,"280","4",,
"2021-09-11T00:00:00.000","271",,"12",,,,"254","3","2",
"2021-09-10T00:00:00.000","310",,"15",,,,"291","4",,
"2021-09-09T00:00:00.000","327",,"9",,,"1","313","4",,
"2021-09-08T00:00:00.000","316",,"11",,,,"300","5",,
"2021-09-07T00:00:00.000","340",,"22",,,,"310","8",,
"2021-09-06T00:00:00.000","358",,"15",,,,"343",,,
"2021-09-05T00:00:00.000","298",,"11",,,,"286","1",,
"2021-09-04T00:00:00.000","299",,"16",,,,"278","5",,
"2021-09-03T00:00:00.000","324",,"16",,,,"307","1",,
"2021-09-02T00:00:00.000","365",,"19",,,,"342","4",,
"2021-09-01T00:00:00.000","438",,"15",,,,"420","3",,
"2021-08-31T00:00:00.000","342",,"12",,,,"329","1",,
"2021-08-30T00:00:00.000","384",,"15",,,,"369",,,
"2021-08-29T00:00:00.000","322",,"5",,,,"311","6",,
"2021-08-28T00:00:00.000","335",,"4",,,,"330","1",,
"2021-08-27T00:00:00.000","311",,"13",,,,"298",,,
"2021-08-26T00:00:00.000","330",,"14",,,,"313","1","2",
"2021-08-25T00:00:00.000","349",,"15",,,,"333","1",,
"2021-08-24T00:00:00.000","358",,"19","1",,,"335","3",,
"2021-08-23T00:00:00.000","423",,"19",,,,"403","1",,
"2021-08-22T00:00:00.000","343",,"8",,,,"332","3",,
"2021-08-21T00:00:00.000","311",,"10",,,,"300","1",,
"2021-08-20T00:00:00.000","338",,"21",,,,"311","6",,
"2021-08-19T00:00:00.000","292",,"16",,,,"275","1",,
"2021-08-18T00:00:00.000","350",,"17",,,,"330","3",,
"2021-08-17T00:00:00.000","354",,"18",,,,"336",,,
"2021-08-16T00:00:00.000","348",,"19",,,,"325","3","1",
"2021-08-15T00:00:00.000","316",,"8",,,,"305","3",,
"2021-08-14T00:00:00.000","285",,"11",,,,"271","3",,
"2021-08-13T00:00:00.000","283",,"8",,,,"271","4",,
"2021-08-12T00:00:00.000","327",,"22",,,,"300","5",,
"2021-08-11T00:00:00.000","334",,"6",,,,"325","2","1",
"2021-08-10T00:00:00.000","400",,"10",,,,"387","3",,
"2021-08-09T00:00:00.000","384",,"13",,,,"368","3",,
"2021-08-08T00:00:00.000","376",,"13",,,,"362","1",,
"2021-08-07T00:00:00.000","366",,"13",,,,"353",,,
"2021-08-06T00:00:00.000","371",,"14",,,,"353","4",,
"2021-08-05T00:00:00.000","381",,"16",,,,"363","1","1",
"2021-08-04T00:00:00.000","433",,"15",,,,"416","2",,
"2021-08-03T00:00:00.000","439",,"9",,,,"421","8","1",
"2021-08-02T00:00:00.000","440",,"18",,,,"417","4","1",
"2021-08-01T00:00:00.000","440",,"18",,,,"421","1",,
"2021-07-31T00:00:00.000","402",,"13",,,,"387","2",,
"2021-07-30T00:00:00.000","376",,"12",,,,"361","3",,
"2021-07-29T00:00:00.000","387",,"17",,,,"365","4","1",
"2021-07-28T00:00:00.000","458",,"22",,,,"432","3","1",
"2021-07-27T00:00:00.000","473",,"13",,,,"454","6",,
"2021-07-26T00:00:00.000","481",,"17",,,,"464",,,
"2021-07-25T00:00:00.000","447",,"17",,,,"426","4",,
"2021-07-24T00:00:00.000","388",,"12",,,,"375","1",,
"2021-07-23T00:00:00.000","405",,"11",,,,"391","3",,
"2021-07-22T00:00:00.000","404",,"17",,,,"384","3",,
"2021-07-21T00:00:00.000","420",,"12",,,,"406","2",,
"2021-07-20T00:00:00.000","417",,"12",,,,"404","1",,
"2021-07-19T00:00:00.000","394",,"18",,,,"376",,,
"2021-07-18T00:00:00.000","307",,"9",,,,"296","2",,
"2021-07-17T00:00:00.000","274",,"8",,,,"265","1",,
"2021-07-16T00:00:00.000","294",,"8",,,,"285",,"1",
"2021-07-15T00:00:00.000","321",,"10",,,,"309","2",,
"2021-07-14T00:00:00.000","287",,"12",,,,"275",,,
"2021-07-13T00:00:00.000","277",,"7",,,,"267","3",,
"2021-07-12T00:00:00.000","293",,"7",,,,"284","2",,
"2021-07-11T00:00:00.000","222",,"3",,,,"219",,,
"2021-07-10T00:00:00.000","185",,"3",,,,"182",,,
"2021-07-09T00:00:00.000","186",,"6",,,,"180",,,
"2021-07-08T00:00:00.000","162",,"4",,,,"156","2",,
"2021-07-07T00:00:00.000","163",,"3",,,,"160",,,
"2021-07-06T00:00:00.000","155",,"3",,,,"152",,,
"2021-07-05T00:00:00.000","129",,"3",,,,"125","1",,
"2021-07-04T00:00:00.000","116",,"2",,,,"114",,,
"2021-07-03T00:00:00.000","103",,"7",,,,"95","1",,
"2021-07-02T00:00:00.000","93",,"1",,,,"91","1",,
"2021-07-01T00:00:00.000","97",,"7",,,,"90",,,
"2021-06-30T00:00:00.000","84",,"5",,,,"79",,,
"2021-06-29T00:00:00.000","104",,"4",,,,"100",,,
"2021-06-28T00:00:00.000","91",,"5",,,,"85","1",,
"2021-06-27T00:00:00.000","71",,"5",,,,"65","1",,
"2021-06-26T00:00:00.000","57",,"3",,,,"54",,,
"2021-06-25T00:00:00.000","61",,"2",,,,"58","1",,
"2021-06-24T00:00:00.000","83",,"4",,,,"78","1",,
"2021-06-23T00:00:00.000","81",,"3",,,,"77","1",,
"2021-06-22T00:00:00.000","78",,"3",,,,"73","2",,
"2021-06-21T00:00:00.000","61",,"3",,,,"58",,,
"2021-06-20T00:00:00.000","69",,"2",,,,"67",,,
"2021-06-19T00:00:00.000","78",,"2",,,,"76",,,
"2021-06-18T00:00:00.000","53",,"1",,,,"52",,,
"2021-06-17T00:00:00.000","70",,"3",,,,"67",,,
"2021-06-16T00:00:00.000","109",,"3",,,,"106",,,
"2021-06-15T00:00:00.000","85",,"4",,,,"80",,"1",
"2021-06-14T00:00:00.000","116",,"9",,,,"107",,,
"2021-06-13T00:00:00.000","89",,"4",,,,"84","1",,
"2021-06-12T00:00:00.000","107",,"5",,,,"101","1",,
"2021-06-11T00:00:00.000","103",,"6",,,,"93","4",,
"2021-06-10T00:00:00.000","127",,"9",,,,"118",,,
"2021-06-09T00:00:00.000","184",,"5",,,,"178","1",,
"2021-06-08T00:00:00.000","169",,"9",,,,"159","1",,
"2021-06-07T00:00:00.000","186",,"12",,,,"173","1",,
"2021-06-06T00:00:00.000","141",,"9",,,,"130","2",,
"2021-06-05T00:00:00.000","196",,"11",,,,"184","1",,
"2021-06-04T00:00:00.000","194",,"6",,,,"184","4",,
"2021-06-03T00:00:00.000","219",,"25",,,,"192","2",,
"2021-06-02T00:00:00.000","214",,"14",,,,"199","1",,
"2021-06-01T00:00:00.000","285",,"21",,,,"263","1",,
"2021-05-31T00:00:00.000","235",,"17",,,,"215","2","1",
"2021-05-30T00:00:00.000","180",,"8",,,,"170","2",,
"2021-05-29T00:00:00.000","230",,"6",,,,"223","1",,
"2021-05-28T00:00:00.000","266",,"16",,,,"245","4","1",
"2021-05-27T00:00:00.000","274",,"17",,,,"251","6",,
"2021-05-26T00:00:00.000","310",,"24",,,,"283","3",,
"2021-05-25T00:00:00.000","306",,"28",,,,"274","4",,
"2021-05-24T00:00:00.000","365",,"27",,,,"335","3",,
"2021-05-23T00:00:00.000","323",,"16",,,,"306","1",,
"2021-05-22T00:00:00.000","324",,"13",,,,"309","2",,
"2021-05-21T00:00:00.000","378",,"22",,,,"354","2",,
"2021-05-20T00:00:00.000","433",,"43",,,,"383","6","1",
"2021-05-19T00:00:00.000","496",,"56",,,,"437","3",,
"2021-05-18T00:00:00.000","544",,"45",,,,"491","7","1",
"2021-05-17T00:00:00.000","496",,"33",,,,"453","8","2",
"2021-05-16T00:00:00.000","423",,"16",,,,"403","4",,
"2021-05-15T00:00:00.000","442",,"17",,,,"417","7","1",
"2021-05-14T00:00:00.000","534",,"21",,,,"506","7",,
"2021-05-13T00:00:00.000","571",,"45","1",,,"513","12",,
"2021-05-12T00:00:00.000","668",,"41",,,,"610","17",,
"2021-05-11T00:00:00.000","638",,"41",,,,"587","10",,
"2021-05-10T00:00:00.000","831",,"52","1",,,"765","11","2",
"2021-05-09T00:00:00.000","606",,"27",,,,"571","8",,
"2021-05-08T00:00:00.000","652",,"28",,,,"616","8",,
"2021-05-07T00:00:00.000","779",,"50",,,,"725","4",,
"2021-05-06T00:00:00.000","814",,"76",,,,"732","6",,
"2021-05-05T00:00:00.000","1044",,"70",,,,"961","11","2",
"2021-05-04T00:00:00.000","1009",,"82",,,,"921","6",,
"2021-05-03T00:00:00.000","1131",,"81","1",,,"1028","20","1",
"2021-05-02T00:00:00.000","838",,"31",,,,"794","13",,
"2021-05-01T00:00:00.000","1030",,"39",,,,"972","19",,
"2021-04-30T00:00:00.000","966",,"64",,,,"887","15",,
"2021-04-29T00:00:00.000","1046",,"79","1",,,"950","15","1",
"2021-04-28T00:00:00.000","1157",,"110",,,,"1030","16","1",
"2021-04-27T00:00:00.000","1332",,"94","1",,,"1206","30","1",
"2021-04-26T00:00:00.000","1434",,"98",,,,"1309","25","2",
"2021-04-25T00:00:00.000","1215",,"46","1",,,"1148","20",,
"2021-04-24T00:00:00.000","1249",,"47",,,,"1184","18",,
"2021-04-23T00:00:00.000","1421",,"61",,,,"1336","23","1",
"2021-04-22T00:00:00.000","1372",,"103",,,,"1242","25","2",
"2021-04-21T00:00:00.000","1513",,"107",,,,"1382","24",,
"2021-04-20T00:00:00.000","1554",,"103",,,,"1416","34","1",
"2021-04-19T00:00:00.000","1571",,"90","2",,,"1451","28",,
"2021-04-18T00:00:00.000","1243",,"45",,,,"1172","26",,
"2021-04-17T00:00:00.000","1289",,"62","1",,,"1208","17","1",
"2021-04-16T00:00:00.000","1332",,"69",,,,"1219","44",,
"2021-04-15T00:00:00.000","1411",,"111",,,,"1272","28",,
"2021-04-14T00:00:00.000","1451",,"123",,,,"1298","29","1",
"2021-04-13T00:00:00.000","1598",,"115",,,,"1454","28","1",
"2021-04-12T00:00:00.000","1639",,"106",,,,"1494","39",,
"2021-04-11T00:00:00.000","1229",,"47","1",,,"1153","28",,
"2021-04-10T00:00:00.000","1533",,"96",,,,"1406","28","3",
"2021-04-09T00:00:00.000","1463",,"128",,,,"1286","45","4",
"2021-04-08T00:00:00.000","1590",,"170","1",,,"1383","33","3",
"2021-04-07T00:00:00.000","1742",,"184",,,,"1516","40","2",
"2021-04-06T00:00:00.000","1770",,"173",,,,"1548","46","3",
"2021-04-05T00:00:00.000","1367",,"68","1",,,"1259","38","1",
"2021-04-04T00:00:00.000","1327",,"34",,,,"1255","38",,
"2021-04-03T00:00:00.000","1493",,"126",,,,"1332","33","2",
"2021-04-02T00:00:00.000","1806",,"135","1",,,"1613","54","3",
"2021-04-01T00:00:00.000","2183",,"196","2",,,"1919","65","1",
"2021-03-31T00:00:00.000","1937",,"233","1",,,"1640","60","3",
"2021-03-30T00:00:00.000","2305",,"203","1",,,"2042","56","3",
"2021-03-29T00:00:00.000","2651",,"226","1",,,"2347","74","3",
"2021-03-28T00:00:00.000","1984",,"95",,,,"1825","64",,
"2021-03-27T00:00:00.000","2317",,"222",,,,"2028","65","2",
"2021-03-26T00:00:00.000","2557",,"257","1",,,"2231","66","2",
"2021-03-25T00:00:00.000","2652",,"352",,,,"2211","87","2",
"2021-03-24T00:00:00.000","2812",,"332",,,,"2392","82","6",
"2021-03-23T00:00:00.000","2834",,"330",,,,"2400","104",,
"2021-03-22T00:00:00.000","3266",,"352",,,,"2827","83","4",
"2021-03-21T00:00:00.000","2531",,"122","1",,,"2332","75","1",
"2021-03-20T00:00:00.000","2844",,"231","1",,,"2542","69","1",
"2021-03-19T00:00:00.000","2942",,"292","1",,,"2577","70","2",
"2021-03-18T00:00:00.000","2951",,"393",,,,"2469","87","2",
"2021-03-17T00:00:00.000","3243",,"408",,,,"2739","91","5",
"2021-03-16T00:00:00.000","3271",,"470","1",,,"2706","92","2",
"2021-03-15T00:00:00.000","3846",,"413","1",,,"3324","107","1",
"2021-03-14T00:00:00.000","2869",,"150","1",,,"2631","86","1",
"2021-03-13T00:00:00.000","3098",,"323","1",,,"2686","87","1",
"2021-03-12T00:00:00.000","3553",,"412",,,,"3032","105","4",
"2021-03-11T00:00:00.000","3391",,"427","1",,,"2886","74","3",
"2021-03-10T00:00:00.000","4130",,"554",,,,"3447","123","6",
"2021-03-09T00:00:00.000","3664",,"470","1",,,"3106","82","5",
"2021-03-08T00:00:00.000","4178",,"429","1",,,"3626","115","7",
"2021-03-07T00:00:00.000","3054",,"147",,,,"2815","92",,
"2021-03-06T00:00:00.000","3366",,"340","2",,,"2958","65","1",
"2021-03-05T00:00:00.000","3847",,"468",,,,"3263","112","4",
"2021-03-04T00:00:00.000","3483",,"415","2",,,"2954","105","7",
"2021-03-03T00:00:00.000","3688",,"457","1",,,"3150","77","3",
"2021-03-02T00:00:00.000","3652",,"492","1",,,"3074","84","1",
"2021-03-01T00:00:00.000","4356",,"430","2",,,"3806","112","6",
"2021-02-28T00:00:00.000","2402",,"137","2",,,"2196","67",,
"2021-02-27T00:00:00.000","2651",,"311",,,,"2272","65","3",
"2021-02-26T00:00:00.000","3050",,"371","2",,,"2599","75","3",
"2021-02-25T00:00:00.000","2933",,"357",,,,"2481","94","1",
"2021-02-24T00:00:00.000","2904",,"301","1",,,"2531","68","3",
"2021-02-23T00:00:00.000","2942",,"322","1",,,"2547","70","2",
"2021-02-22T00:00:00.000","3100",,"240",,,,"2776","82","2",
"2021-02-21T00:00:00.000","2233",,"92",,,,"2085","52","4",
"2021-02-20T00:00:00.000","2513",,"229",,,,"2214","68","2",
"2021-02-19T00:00:00.000","2352",,"228",,,,"2064","55","5",
"2021-02-18T00:00:00.000","2197",,"191",,,,"1933","71","2",
"2021-02-17T00:00:00.000","2200",,"206",,,,"1945","47","2",
"2021-02-16T00:00:00.000","2037",,"184",,,,"1795","56","2",
"2021-02-15T00:00:00.000","2026",,"120","3",,,"1846","56","1",
"2021-02-14T00:00:00.000","1571",,"70",,,,"1458","43",,
"2021-02-13T00:00:00.000","1482",,"142",,,,"1310","27","3",
"2021-02-12T00:00:00.000","1440",,"115","2",,,"1291","31","1",
"2021-02-11T00:00:00.000","1371",,"80",,,,"1237","49","5",
"2021-02-10T00:00:00.000","1615",,"111",,,,"1470","32","2",
"2021-02-09T00:00:00.000","1513",,"128",,,,"1351","33","1",
"2021-02-08T00:00:00.000","1578",,"117","2",,,"1399","55","5",
"2021-02-07T00:00:00.000","1184",,"43",,,,"1111","28","2",
"2021-02-06T00:00:00.000","1313",,"68","2",,,"1208","34","1",
"2021-02-05T00:00:00.000","1413",,"88",,,,"1285","38","2",
"2021-02-04T00:00:00.000","1331",,"82","1",,,"1201","46","1",
"2021-02-03T00:00:00.000","1297",,"117","1",,,"1138","39","2",
"2021-02-02T00:00:00.000","1321",,"81",,,,"1199","36","5",
"2021-02-01T00:00:00.000","1611",,"86","1",,,"1461","59","4",
"2021-01-31T00:00:00.000","935",,"27",,,,"877","30","1",
"2021-01-30T00:00:00.000","986",,"51",,,,"904","29","2",
"2021-01-29T00:00:00.000","1081",,"60",,,,"982","39",,
"2021-01-28T00:00:00.000","1163",,"94",,,,"1034","34","1",
"2021-01-27T00:00:00.000","1226",,"100",,,,"1085","39","2",
"2021-01-26T00:00:00.000","1169",,"87",,,,"1043","39",,
"2021-01-25T00:00:00.000","1300",,"81",,,,"1180","36","3",
"2021-01-24T00:00:00.000","988",,"36",,,,"912","37","3",
"2021-01-23T00:00:00.000","1092",,"43",,,,"1020","29",,
"2021-01-22T00:00:00.000","1173",,"52",,,,"1071","46","4",
"2021-01-21T00:00:00.000","1068",,"72","1",,,"961","33","1",
"2021-01-20T00:00:00.000","1293",,"155","3",,,"1086","45","4",
"2021-01-19T00:00:00.000","1303",,"135",,,,"1124","41","3",
"2021-01-18T00:00:00.000","1280",,"151","4",,,"1065","56","4",
"2021-01-17T00:00:00.000","881",,"75","1",,,"769","36",,
"2021-01-16T00:00:00.000","970",,"103",,,,"822","44","1",
"2021-01-15T00:00:00.000","1162",,"175","2",,,"946","38","1",
"2021-01-14T00:00:00.000","1166",,"215","4",,,"888","58","1",
"2021-01-13T00:00:00.000","1229",,"256",,,,"928","45",,
"2021-01-12T00:00:00.000","1342",,"241","1",,,"1040","58","2",
"2021-01-11T00:00:00.000","1339",,"206","1",,,"1078","47","7",
"2021-01-10T00:00:00.000","977",,"124","3",,,"813","37",,
"2021-01-09T00:00:00.000","1188",,"177","1",,,"957","52","1",
"2021-01-08T00:00:00.000","1334",,"232","2",,,"1039","57","4",
"2021-01-07T00:00:00.000","1439",,"243","1",,,"1136","57","2",
"2021-01-06T00:00:00.000","1221",,"215",,,,"961","43","2",
"2021-01-05T00:00:00.000","2186",,"692",,,,"1426","63","5",
"2021-01-04T00:00:00.000","2174",,"501","4",,,"1586","77","6",
"2021-01-03T00:00:00.000","1436",,"220","1",,,"1168","46","1",
"2021-01-02T00:00:00.000","1478",,"298",,,,"1117","62","1",
"2021-01-01T00:00:00.000","1523",,"173",,,,"1304","43","3",
"2020-12-31T00:00:00.000","1737",,"533","6",,,"1159","38","1",
"2020-12-30T00:00:00.000","1736",,"520","3",,,"1161","50","2",
"2020-12-29T00:00:00.000","1761",,"543","3",,,"1147","63","5",
"2020-12-28T00:00:00.000","1623",,"282","3",,,"1278","55","5",
"2020-12-27T00:00:00.000","1279",,"221","1",,,"1024","33",,
"2020-12-26T00:00:00.000","1081",,"118","1",,,"928","32","2",
"2020-12-25T00:00:00.000","1009",,"102",,,,"877","30",,
"2020-12-24T00:00:00.000","1319",,"247","1",,,"1024","45","2",
"2020-12-23T00:00:00.000","1507",,"324","6",,,"1104","67","6",
"2020-12-22T00:00:00.000","1379",,"254","2",,,"1065","54","4",
"2020-12-21T00:00:00.000","1472",,"248","2",,,"1161","54","7",
"2020-12-20T00:00:00.000","1017",,"128",,,,"847","40","2",
"2020-12-19T00:00:00.000","1003",,"155","2",,,"794","52",,
"2020-12-18T00:00:00.000","1269",,"289","2",,,"919","55","4",
"2020-12-17T00:00:00.000","1243",,"280","1",,,"904","51","7",
"2020-12-16T00:00:00.000","1316",,"262","1",,,"997","52","4",
"2020-12-15T00:00:00.000","1429",,"281","13",,,"1085","48","2",
"2020-12-14T00:00:00.000","1556",,"313","3",,,"1194","43","3",
"2020-12-13T00:00:00.000","968",,"88","1",,,"838","40","1",
"2020-12-12T00:00:00.000","1200",,"126","1",,,"1025","47","1",
"2020-12-11T00:00:00.000","1493",,"243","2",,,"1168","72","8",
"2020-12-10T00:00:00.000","1566",,"290","10",,,"1198","64","4",
"2020-12-09T00:00:00.000","1606",,"224","2",,,"1313","62","5",
"2020-12-08T00:00:00.000","1047",,"70",,,,"941","34","2",
"2020-12-07T00:00:00.000","1808",,"626","7",,,"1111","61","3",
"2020-12-06T00:00:00.000","1121",,"351","2",,,"727","41",,
"2020-12-05T00:00:00.000","1399",,"425","5",,"1","923","41","4",
"2020-12-04T00:00:00.000","2110",,"728","29",,,"1182","169","2",
"2020-12-03T00:00:00.000","1641",,"536","3",,,"1037","62","3",
"2020-12-02T00:00:00.000","1801",,"712","13",,,"1019","48","9",
"2020-12-01T00:00:00.000","2221",,"840","10",,,"1289","78","4",
"2020-11-30T00:00:00.000","1975",,"803","6",,,"1090","69","7",
"2020-11-29T00:00:00.000","1580",,"805","3",,,"719","51","2",
"2020-11-28T00:00:00.000","2338",,"1069","3",,,"1205","58","3",
"2020-11-27T00:00:00.000","2243",,"919","4",,,"1238","73","9",
"2020-11-26T00:00:00.000","2683",,"1403","11",,,"1171","90","8",
"2020-11-25T00:00:00.000","2462",,"1205","13",,,"1173","61","10",
"2020-11-24T00:00:00.000","2985",,"1706","11",,,"1191","72","5",
"2020-11-23T00:00:00.000","3015",,"1452","15",,,"1434","101","13",
"2020-11-22T00:00:00.000","2310",,"1284","12",,,"961","50","3",
"2020-11-21T00:00:00.000","3262",,"2058","10",,,"1103","84","7",
"2020-11-20T00:00:00.000","3610",,"1980","24",,,"1489","106","11",
"2020-11-19T00:00:00.000","4044",,"2720","17",,,"1222","81","4",
"2020-11-18T00:00:00.000","4260",,"2506","14",,,"1614","111","15",
"2020-11-17T00:00:00.000","3611",,"2014","11",,,"1480","93","13",
"2020-11-16T00:00:00.000","4983",,"2932","24",,,"1902","107","18",
"2020-11-15T00:00:00.000","4244",,"2238","15",,,"1846","135","10",
"2020-11-14T00:00:00.000","5075",,"3298","37",,,"1638","90","12",
"2020-11-13T00:00:00.000","5271",,"2870","25",,,"2233","131","12",
"2020-11-12T00:00:00.000","4853",,"2819","36",,,"1870","118","10",
"2020-11-11T00:00:00.000","4969",,"2687","23",,,"2113","127","19",
"2020-11-10T00:00:00.000","5727",,"3147","34",,,"2356","166","24",
"2020-11-09T00:00:00.000","5989",,"3131","34",,,"2669","139","16",
"2020-11-08T00:00:00.000","5376",,"3154","18",,,"2072","121","11",
"2020-11-07T00:00:00.000","5742",,"3302","32",,,"2264","131","13",
"2020-11-06T00:00:00.000","6008",,"3288","33",,,"2501","167","19",
"2020-11-05T00:00:00.000","5899",,"3395","35",,,"2285","167","17",
"2020-11-04T00:00:00.000","7648",,"4956","54",,,"2442","179","17",
"2020-11-03T00:00:00.000","5697",,"3196","35",,,"2316","140","10",
"2020-11-02T00:00:00.000","7460",,"4330","33",,,"2908","180","9",
"2020-11-01T00:00:00.000","6350",,"3341","25",,,"2803","170","11",
"2020-10-31T00:00:00.000","5197",,"3059","20",,,"2004","109","5",
"2020-10-30T00:00:00.000","6765",,"4036","39",,,"2539","139","12",
"2020-10-29T00:00:00.000","8118",,"5318","37",,,"2576","184","3",
"2020-10-28T00:00:00.000","6799",,"4188","42",,,"2436","126","7",
"2020-10-27T00:00:00.000","6677",,"4122","31",,,"2404","114","6",
"2020-10-26T00:00:00.000","7919",,"4973","33",,,"2771","135","7",
"2020-10-25T00:00:00.000","5087",,"2697","27",,,"2231","131","1",
"2020-10-24T00:00:00.000","5195",,"2879","8",,,"2213","94","1",
"2020-10-23T00:00:00.000","6196",,"3701","14",,,"2375","100","6",
"2020-10-22T00:00:00.000","5155",,"2823","13",,,"2207","109","3",
"2020-10-21T00:00:00.000","5297",,"2913","23",,,"2267","89","5",
"2020-10-20T00:00:00.000","5390",,"2929","12",,,"2333","112","4",
"2020-10-19T00:00:00.000","5082",,"2771","16",,,"2211","79","5",
"2020-10-18T00:00:00.000","3345",,"1547","6",,,"1715","76","1",
"2020-10-17T00:00:00.000","3270",,"1632","7",,,"1569","61","1",
"2020-10-16T00:00:00.000","3632",,"1790","20",,,"1724","93","5",
"2020-10-15T00:00:00.000","3054",,"1431","19",,,"1553","49","2",
"2020-10-14T00:00:00.000","2751",,"1292","10",,,"1397","49","3",
"2020-10-13T00:00:00.000","2380",,"1060","1",,,"1286","32","1",
"2020-10-12T00:00:00.000","2512",,"1055","9",,,"1400","47","1",
"2020-10-11T00:00:00.000","1406",,"476","5",,,"886","36","3",
"2020-10-10T00:00:00.000","1410",,"474","3",,,"899","34",,
"2020-10-09T00:00:00.000","1479",,"497","6",,,"932","44",,
"2020-10-08T00:00:00.000","1298",,"371","1",,,"889","35","2",
"2020-10-07T00:00:00.000","1097",,"316",,,,"751","29","1",
"2020-10-06T00:00:00.000","932",,"274","4",,,"634","19","1",
"2020-10-05T00:00:00.000","966",,"268",,,,"676","21","1",
"2020-10-04T00:00:00.000","614",,"115","1",,,"487","11",,
"2020-10-03T00:00:00.000","635",,"139","1",,,"479","15","1",
"2020-10-02T00:00:00.000","629",,"173",,,,"442","14",,
"2020-10-01T00:00:00.000","647",,"166",,,,"469","11","1",
"2020-09-30T00:00:00.000","399",,"87","1",,,"304","7",,
"2020-09-29T00:00:00.000","314",,"71",,,,"237","5","1",
"2020-09-28T00:00:00.000","359",,"72",,,,"281","5","1",
"2020-09-27T00:00:00.000","243",,"50",,,,"189","3","1",
"2020-09-26T00:00:00.000","213",,"50","1",,,"159","3",,
"2020-09-25T00:00:00.000","239",,"42",,,,"192","4","1",
"2020-09-24T00:00:00.000","212",,"48","1",,,"160","3",,
"2020-09-23T00:00:00.000","244",,"49",,,,"194",,"1",
"2020-09-22T00:00:00.000","235",,"54",,,,"181",,,
"2020-09-21T00:00:00.000","240",,"55",,,,"184","1",,
"2020-09-20T00:00:00.000","192",,"29","1",,,"161","1",,
"2020-09-19T00:00:00.000","191",,"30",,,,"155","5","1",
"2020-09-18T00:00:00.000","208",,"46","1",,,"160",,"1",
"2020-09-17T00:00:00.000","223",,"43",,,,"179","1",,
"2020-09-16T00:00:00.000","197",,"34",,,,"161","2",,
"2020-09-15T00:00:00.000","250",,"44",,,,"202","3","1",
"2020-09-14T00:00:00.000","224",,"42",,,,"179","3",,
"2020-09-13T00:00:00.000","139",,"17",,,,"119","3",,
"2020-09-12T00:00:00.000","132",,"19",,,,"111","2",,
"2020-09-11T00:00:00.000","173",,"34",,,,"136","2","1",
"2020-09-10T00:00:00.000","177",,"37","1",,,"137","2",,
"2020-09-09T00:00:00.000","156",,"22",,,,"132","2",,
"2020-09-08T00:00:00.000","188",,"45",,,,"141","1","1",
"2020-09-07T00:00:00.000","195",,"31",,,,"159","5",,
"2020-09-06T00:00:00.000","122",,"20",,,,"102",,,
"2020-09-05T00:00:00.000","138",,"17",,,,"119","2",,
"2020-09-04T00:00:00.000","164",,"26",,,,"136","2",,
"2020-09-03T00:00:00.000","163",,"21",,,,"140","2",,
"2020-09-02T00:00:00.000","156",,"36",,,,"120",,,
"2020-09-01T00:00:00.000","209",,"37","1",,,"165","6",,
"2020-08-31T00:00:00.000","171",,"35","1",,,"132","2","1",
"2020-08-30T00:00:00.000","132",,"20","1",,,"111",,,
"2020-08-29T00:00:00.000","114",,"13",,,,"100","1",,
"2020-08-28T00:00:00.000","165",,"44",,,,"118","3",,
"2020-08-27T00:00:00.000","159",,"31",,,,"126","2",,
"2020-08-26T00:00:00.000","198",,"38",,,,"160",,,
"2020-08-25T00:00:00.000","213",,"31",,,,"176","6",,
"2020-08-24T00:00:00.000","222",,"33",,,,"179","10",,
"2020-08-23T00:00:00.000","168",,"19",,,,"145","4",,
"2020-08-22T00:00:00.000","175",,"23",,,,"150","2",,
"2020-08-21T00:00:00.000","178",,"27",,,,"146","3","2",
"2020-08-20T00:00:00.000","158",,"28",,,,"130",,,
"2020-08-19T00:00:00.000","145",,"19","1",,,"124","1",,
"2020-08-18T00:00:00.000","137",,"15","1",,,"119","2",,
"2020-08-17T00:00:00.000","131",,"11",,,,"118","2",,
"2020-08-16T00:00:00.000","96",,"15","1",,,"78","2",,
"2020-08-15T00:00:00.000","96",,"11",,,,"85",,,
"2020-08-14T00:00:00.000","74",,"5",,,,"67","1","1",
"2020-08-13T00:00:00.000","94",,"23",,,,"70","1",,
"2020-08-12T00:00:00.000","69",,"9",,,,"60",,,
"2020-08-11T00:00:00.000","65",,"9",,,,"53","3",,
"2020-08-10T00:00:00.000","97",,"20",,,,"75","2",,
"2020-08-09T00:00:00.000","47",,"4",,,,"42","1",,
"2020-08-08T00:00:00.000","71",,"9","1",,,"58","2","1",
"2020-08-07T00:00:00.000","68",,"19",,,,"49",,,
"2020-08-06T00:00:00.000","64",,"3",,,,"60","1",,
"2020-08-05T00:00:00.000","61",,"9",,,,"48","4",,
"2020-08-04T00:00:00.000","70",,"11",,,,"58","1",,
"2020-08-03T00:00:00.000","87",,"14",,,,"71",,"2",
"2020-08-02T00:00:00.000","39",,"6",,,,"33",,,
"2020-08-01T00:00:00.000","38",,"3",,,"1","29","5",,
"2020-07-31T00:00:00.000","35",,"7",,,,"28",,,
"2020-07-30T00:00:00.000","33",,"7","1",,,"24","1",,
"2020-07-29T00:00:00.000","58",,"8",,,,"46","3","1",
"2020-07-28T00:00:00.000","58",,"7","1",,,"47","3",,
"2020-07-27T00:00:00.000","47",,"8",,,,"39",,,
"2020-07-26T00:00:00.000","35",,"3",,,,"29","3",,
"2020-07-25T00:00:00.000","32",,"4",,,,"28",,,
"2020-07-24T00:00:00.000","29",,"6",,,,"22","1",,
"2020-07-23T00:00:00.000","47",,"11",,,,"36",,,
"2020-07-22T00:00:00.000","47",,"6",,,,"38","3",,
"2020-07-21T00:00:00.000","38",,"9",,,,"29",,,
"2020-07-20T00:00:00.000","48",,"9",,,,"38","1",,
"2020-07-19T00:00:00.000","29",,"4",,,,"20","5",,
"2020-07-18T00:00:00.000","36",,"5",,,,"29","2",,
"2020-07-17T00:00:00.000","32",,"3",,,,"29",,,
"2020-07-16T00:00:00.000","42",,"8",,,,"30","4",,
"2020-07-15T00:00:00.000","45",,"3",,,,"38","4",,
"2020-07-14T00:00:00.000","46",,"8",,,,"38",,,
"2020-07-13T00:00:00.000","49",,"7",,,,"40","1","1",
"2020-07-12T00:00:00.000","33",,"6",,,,"27",,,
"2020-07-11T00:00:00.000","34",,"2",,,,"30","2",,
"2020-07-10T00:00:00.000","67",,"10",,,,"53","4",,
"2020-07-09T00:00:00.000","41",,"4",,,,"33","4",,
"2020-07-08T00:00:00.000","46",,"4",,,,"40","2",,
"2020-07-07T00:00:00.000","59",,"9","1",,,"47","1","1",
"2020-07-06T00:00:00.000","56",,"7",,,,"48","1",,
"2020-07-05T00:00:00.000","35",,"7",,,,"27","1",,
"2020-07-04T00:00:00.000","43",,"14",,,,"29",,,
"2020-07-03T00:00:00.000","49",,"8",,,,"39","2",,
"2020-07-02T00:00:00.000","55",,"11",,,,"42",,"2",
"2020-07-01T00:00:00.000","71",,"10","1",,,"54","6",,
"2020-06-30T00:00:00.000","37",,"5",,,,"28","4",,
"2020-06-29T00:00:00.000","66",,"12","2",,,"50","2",,
"2020-06-28T00:00:00.000","34",,"5",,,,"27","1","1",
"2020-06-27T00:00:00.000","48",,"15",,,,"33",,,
"2020-06-26T00:00:00.000","64",,"19",,,,"42","3",,
"2020-06-25T00:00:00.000","53",,"15",,,,"35","3",,
"2020-06-24T00:00:00.000","62",,"8",,,,"53","1",,
"2020-06-23T00:00:00.000","46",,"8",,,,"36","2",,
"2020-06-22T00:00:00.000","56",,"11",,,,"42","3",,
"2020-06-21T00:00:00.000","38",,"6",,,,"31","1",,
"2020-06-20T00:00:00.000","34",,"4","1",,,"27","2",,
"2020-06-19T00:00:00.000","54",,"16",,,,"37","1",,
"2020-06-18T00:00:00.000","61",,"16",,,,"42","3",,
"2020-06-17T00:00:00.000","67",,"16","1",,,"46","4",,
"2020-06-16T00:00:00.000","77",,"14",,,,"60","3",,
"2020-06-15T00:00:00.000","86",,"17",,,,"63","6",,
"2020-06-14T00:00:00.000","49",,"8","1",,,"38","2",,
"2020-06-13T00:00:00.000","56",,"7",,,,"45","3","1",
"2020-06-12T00:00:00.000","88",,"19",,,,"67","1","1",
"2020-06-11T00:00:00.000","81",,"21","1",,,"54","5",,
"2020-06-10T00:00:00.000","84",,"14",,,,"65","4","1",
"2020-06-09T00:00:00.000","89",,"23",,,,"65","1",,
"2020-06-08T00:00:00.000","99",,"17",,,,"76","5","1",
"2020-06-07T00:00:00.000","43",,"8",,,,"33","2",,
"2020-06-06T00:00:00.000","66",,"19",,,,"45","2",,
"2020-06-05T00:00:00.000","120",,"46",,,,"71","2","1",
"2020-06-04T00:00:00.000","88",,"32",,,,"50","5","1",
"2020-06-03T00:00:00.000","96",,"22",,,,"70","4",,
"2020-06-02T00:00:00.000","38",,"7",,,,"29","2",,
"2020-06-01T00:00:00.000","125",,"34",,,,"83","6","2",
"2020-05-31T00:00:00.000","38",,"5",,,,"31","2",,
"2020-05-30T00:00:00.000","89",,"24",,,,"62","3",,
"2020-05-29T00:00:00.000","96",,"24","2",,,"66","3","1",
"2020-05-28T00:00:00.000","128",,"46",,,,"76","6",,
"2020-05-27T00:00:00.000","147",,"48","1",,,"92","5","1",
"2020-05-26T00:00:00.000","130",,"31","2",,,"94","3",,
"2020-05-25T00:00:00.000","171",,"46",,,,"114","11",,
"2020-05-24T00:00:00.000","65",,"14",,,,"46","5",,
"2020-05-23T00:00:00.000","82",,"17",,,,"60","5",,
"2020-05-22T00:00:00.000","124",,"35","1",,,"76","10","2",
"2020-05-21T00:00:00.000","156",,"56","1",,,"95","3","1",
"2020-05-20T00:00:00.000","176",,"59","1",,,"110","5","1",
"2020-05-19T00:00:00.000","153",,"44","1",,,"102","5","1",
"2020-05-18T00:00:00.000","177",,"45","1",,,"123","6","2",
"2020-05-17T00:00:00.000","92",,"28","1",,,"57","6",,
"2020-05-16T00:00:00.000","127",,"46","2",,,"74","5",,
"2020-05-15T00:00:00.000","210",,"54","2",,,"150","4",,
"2020-05-14T00:00:00.000","188",,"80","1",,,"101","5","1",
"2020-05-13T00:00:00.000","226",,"89","4",,,"121","11","1",
"2020-05-12T00:00:00.000","259",,"110","5",,,"129","15",,
"2020-05-11T00:00:00.000","267",,"106","2",,,"142","17",,
"2020-05-10T00:00:00.000","167",,"66",,,,"87","14",,
"2020-05-09T00:00:00.000","153",,"70","3",,,"72","8",,
"2020-05-08T00:00:00.000","277",,"103","2",,,"160","10","2",
"2020-05-07T00:00:00.000","278",,"116","10",,,"139","12","1",
"2020-05-06T00:00:00.000","329",,"161","10",,,"143","13","2",
"2020-05-05T00:00:00.000","335",,"148","7",,,"157","22","1",
"2020-05-04T00:00:00.000","384",,"192","7",,,"164","21",,
"2020-05-03T00:00:00.000","198",,"76","1",,,"105","16",,
"2020-05-02T00:00:00.000","215",,"86","5",,,"106","17","1",
"2020-05-01T00:00:00.000","337",,"132","3",,,"175","27",,
"2020-04-30T00:00:00.000","512",,"268","20",,,"193","31",,
"2020-04-29T00:00:00.000","489",,"291","6",,,"171","20","1",
"2020-04-28T00:00:00.000","417",,"192","7",,,"184","32","2",
"2020-04-27T00:00:00.000","503",,"192","10",,,"261","37","3",
"2020-04-26T00:00:00.000","257",,"70","13",,,"150","23","1",
"2020-04-25T00:00:00.000","349",,"125","15",,,"170","39",,
"2020-04-24T00:00:00.000","539",,"246","14",,,"230","49",,
"2020-04-23T00:00:00.000","598",,"251","20",,,"273","53","1",
"2020-04-22T00:00:00.000","512",,"163","10",,,"287","50","2",
"2020-04-21T00:00:00.000","425",,"146","20",,,"221","38",,
"2020-04-20T00:00:00.000","820",,"255","18",,,"451","96",,
"2020-04-19T00:00:00.000","362",,"103","20",,,"193","46",,
"2020-04-18T00:00:00.000","430",,"121","18",,,"238","53",,
"2020-04-17T00:00:00.000","741",,"236","27",,,"393","85",,
"2020-04-16T00:00:00.000","681",,"217","17",,,"366","80","1",
"2020-04-15T00:00:00.000","1009",,"308","43",,,"564","91","3",
"2020-04-14T00:00:00.000","738",,"186","28",,,"433","91",,
"2020-04-13T00:00:00.000","505",,"92","22",,,"315","76",,
"2020-04-12T00:00:00.000","627",,"91","12",,,"407","117",,
"2020-04-11T00:00:00.000","650",,"173","31",,,"349","97",,
"2020-04-10T00:00:00.000","1295",,"325","47",,,"715","207","1",
"2020-04-09T00:00:00.000","907",,"223","49",,,"493","142",,
"2020-04-08T00:00:00.000","871",,"190","29",,,"533","119",,
"2020-04-07T00:00:00.000","1017",,"274","52",,,"525","166",,
"2020-04-06T00:00:00.000","993",,"254","47",,,"593","99",,
"2020-04-05T00:00:00.000","783",,"153","23",,,"490","117",,
"2020-04-04T00:00:00.000","904",,"226","35",,,"522","121",,
"2020-04-03T00:00:00.000","1152",,"200","49",,,"735","167","1",
"2020-04-02T00:00:00.000","1079",,"243","46",,,"648","142",,
"2020-04-01T00:00:00.000","1827",,"379","68",,,"1097","281","2",
"2020-03-31T00:00:00.000","1028",,"173","23",,,"684","148",,
"2020-03-30T00:00:00.000","1540",,"283","34",,,"1004","219",,
"2020-03-29T00:00:00.000","844",,"89","18",,,"575","162",,
"2020-03-28T00:00:00.000","1213",,"175","36",,,"797","204","1",
"2020-03-27T00:00:00.000","1403",,"234","30",,,"922","217",,
"2020-03-26T00:00:00.000","1306",,"219","32",,,"862","192","1",
"2020-03-25T00:00:00.000","1643",,"230","31",,,"1085","297",,
"2020-03-24T00:00:00.000","1388",,"219","25",,,"887","257",,
"2020-03-23T00:00:00.000","1798",,"208","30",,,"1235","325",,
"2020-03-22T00:00:00.000","1436",,"138","24",,,"983","291",,
"2020-03-21T00:00:00.000","1428",,"157","35",,,"953","283",,
"2020-03-20T00:00:00.000","2636",,"277","44",,,"1762","553",,
"2020-03-19T00:00:00.000","1671",,"195","35",,,"1122","319",,
"2020-03-18T00:00:00.000","1857",,"209","25",,,"1252","371",,
"2020-03-17T00:00:00.000","1815",,"166","26",,,"1263","360",,
"2020-03-16T00:00:00.000","2256",,"224","37",,,"1592","402","1",
"2020-03-15T00:00:00.000","2580",,"220","44",,,"1801","515",,
"2020-03-14T00:00:00.000","2025",,"249","21",,,"1321","434",,
"2020-03-13T00:00:00.000","2276",,"210","34",,,"1575","455","2",
"2020-03-12T00:00:00.000","2122",,"192","21",,,"1452","456","1",
"2020-03-11T00:00:00.000","1869",,"173","20",,,"1277","398","1",
"2020-03-10T00:00:00.000","3107",,"290","29",,,"2085","703",,
"2020-03-09T00:00:00.000","2161",,"229","24",,,"1485","423",,
"2020-03-08T00:00:00.000","1786",,"128","11",,,"1261","386",,
"2020-03-07T00:00:00.000","1591",,"111","15",,,"1108","357",,
"2020-03-06T00:00:00.000","1617",,"154","30",,,"1072","360","1",
"2020-03-05T00:00:00.000","1494",,"147","11",,,"989","347",,
"2020-03-04T00:00:00.000","1104",,"96","13",,,"752","243",,
"2020-03-03T00:00:00.000","1357",,"133","9",,,"864","350","1",
"2020-03-02T00:00:00.000","1180",,"78","8",,,"804","290",,
"2020-03-01T00:00:00.000","1586",,"104","11",,,"1062","409",,
"2020-02-29T00:00:00.000","688",,"45","6",,,"447","190",,
"2020-02-28T00:00:00.000","758",,"36","6",,,"539","175","2",
"2020-02-27T00:00:00.000","562",,"30","12",,,"384","136",,
"2020-02-26T00:00:00.000","473",,"22",,,,"328","121","2",
"2020-02-25T00:00:00.000","531","1","22","2",,,"376","129","1",
"2020-02-24T00:00:00.000","438",,"29","2",,,"299","107","1",
"2020-02-23T00:00:00.000","343",,"12","4",,,"246","81",,
"2020-02-22T00:00:00.000","264",,"12","2",,,"203","47",,
"2020-02-21T00:00:00.000","220",,"9","1",,,"157","53",,
,"1119502","4557","111943","210","19893","939","20077","1000","958268","2615"
